alpha,alpha_idx,lam,rho,MSE_mean,MSE_std,label_err_mean,label_err_std,label_err_mean_noise,label_err_std_noise,train_data_mean,train_reg_mean,train_total_mean
0.01,0,0.1,1.0,0.0154676967067644,0.0002428789474116,0.0002596252322196,1.2030077204860218e-05,0.0280538480758666,0.0005057315897733,0.0013906352221965,3.5859285667538646e-05,0.0014264945078641
0.01,0,0.001,1.0,0.2916758265346288,0.0198793563537993,0.0005828514039516,0.0001387103889034,0.0285244529724121,0.0005537337122908,0.0001674884885549,0.0002783430710434,0.0004458315595984
0.01,0,0.0002,1.0,0.5816900469362736,0.0501173281079103,0.0008709961950778,0.0001532712707084,0.0287747215270996,0.0005645969316461,2.0448247343301773e-05,0.0001143458075821,0.0001347940549254
0.01,0,0.0005,1.0,0.4069561194628477,0.0421359124998096,0.0006485255569219,0.0001275034992265,0.0286812816619873,0.0004045725791293,6.925328522920608e-05,0.0001982017286121,0.0002674550138413
0.01,0,0.0001,1.0,0.6556955426931381,0.0614770089773951,0.0009410306572914,0.0001343313591815,0.028717805480957,0.0004182771270286,6.719999527558684e-06,6.473924629390239e-05,7.145924582146108e-05
0.1521428571428571,0,0.1,1.0,0.018175526172854,0.0005544476176358,0.0001758841566741,2.4941845311468515e-05,0.0282199563980102,0.0004169453481201,0.0203857951164245,0.0005264298349618,0.0209122249513864
0.1521428571428571,0,0.001,1.0,4.189897269010544,0.0421229102190958,0.0050876817226409,0.0001121090139897,0.0329126018524169,0.000650691777308,0.0038731331348419,0.0041875537157058,0.0080606868505477
0.1521428571428571,0,0.0002,1.0,10.677274763584135,0.2900505334129254,0.0119007100582122,0.0003859243520214,0.039859070777893,0.0008446807587215,0.0006619008958339,0.0021348842144012,0.0027967851102352
0.1521428571428571,0,0.0005,1.0,6.722117424011231,0.1579764812581931,0.007879292678833,0.0003554485954461,0.0357705684661865,0.0004371612054043,0.0019366728186607,0.0033600373506546,0.0052967101693153
0.1521428571428571,0,0.0001,1.0,13.496019721031187,0.2602004304311867,0.0144319535255432,0.0003274212645051,0.0426081283569335,0.0011181542011642,0.000255212663114,0.0013502339601516,0.0016054466232657
0.2942857142857143,0,0.1,1.0,0.0213956936495378,0.0004055008602184,0.0001224652379751,1.93823908938188e-05,0.0280222700119018,0.0003703996645658,0.0395496450424194,0.0010309122264385,0.0405805572688579
0.2942857142857143,0,0.001,1.0,7.351302534341812,0.0956113121400836,0.0082796517848968,0.0002070607821453,0.0360564889907836,0.0007717673994115,0.0105551089286804,0.0073509237766265,0.017906032705307
0.2942857142857143,0,0.0002,1.0,24.14549827575684,0.4119306649068573,0.0222001109123229,0.000506083195256,0.050608768081665,0.0009778083882034,0.0031273574590682,0.0048300374031066,0.0079573948621749
0.2942857142857143,0,0.0005,1.0,12.985482394695282,0.2559523779098335,0.0135239910125732,0.0004904939489031,0.0415324325561523,0.0010331574375571,0.006731473827362,0.0064937592029571,0.0132252330303192
0.2942857142857143,0,0.0001,1.0,34.81563758850098,0.6557471734265523,0.0289940927505493,0.0006329804501869,0.0568932514190673,0.0013634570922297,0.0015250259518623,0.0034821336984634,0.0050071596503257
0.4364285714285715,0,0.1,1.0,0.0251562115736305,0.0007456169018804,0.0001138104870915,2.354082914110379e-05,0.0280358930587768,0.0004781411049517,0.0581844055175781,0.0014824276685714,0.0596668331861496
0.4364285714285715,0,0.001,1.0,9.400034487247469,0.1103791969570308,0.0099017735004425,0.0001958054027067,0.0379214258193969,0.0010649218257316,0.0208353472709655,0.0094063509941101,0.0302416982650756
0.4364285714285715,0,0.0002,1.0,34.22952914237976,0.4798296951091082,0.0271271457672119,0.0007616255112688,0.0547474933624267,0.0013877229359982,0.0099191596508026,0.0068473502635955,0.0167665099143981
0.4364285714285715,0,0.0005,1.0,17.046520471572876,0.2935278033241965,0.0159785292625427,0.0004274386385361,0.0440899606704711,0.0008418410730793,0.0155110632896423,0.0085278728485107,0.024038936138153
0.4364285714285715,0,0.0001,1.0,56.37348508834839,1.0408857753576692,0.0378339296340942,0.0006535753179997,0.0658410793304443,0.0010646141536479,0.0069545208930969,0.0056381541967391,0.0125926750898361
0.5785714285714286,0,0.1,1.0,0.0289488260168582,0.00045212895917,0.000104578410834,1.3990591521010105e-05,0.0279796571731567,0.0004500570022105,0.0770211082458496,0.0019219333291053,0.0789430415749549
0.5785714285714286,0,0.001,1.0,10.420500934123991,0.1464287803333303,0.0102534541606903,0.0002379720278406,0.0384426597595214,0.0006770037225227,0.0341866567611694,0.0104264407157897,0.0446130974769592
0.5785714285714286,0,0.0002,1.0,37.00841689109802,0.5540714329401588,0.0267938457489013,0.000632211269805,0.0547448429107666,0.0012005147858399,0.0225309327125549,0.0074032206058502,0.0299341533184051
0.5785714285714286,0,0.0005,1.0,18.333864212036133,0.3668104483493621,0.0162161084175109,0.0004592479792105,0.0443551244735717,0.0008096594571424,0.0284633611679077,0.0091722731113433,0.037635634279251
0.5785714285714286,0,0.0001,1.0,60.48770570755005,1.094293091454733,0.0366114830017089,0.00084253473993,0.0645735836029052,0.0008620326722898,0.0192821684837341,0.006049931359291,0.0253320998430252
0.7207142857142858,0,0.1,1.0,0.0324399843811988,0.0007637609547666,9.860549420118332e-05,1.1559242005380954e-05,0.0280687480926513,0.0005052057209822,0.0965462165832519,0.0023618780493736,0.0989080946326255
0.7207142857142858,0,0.001,1.0,10.608761727809906,0.1480140048197651,0.0101328664302825,0.0002580746264341,0.0383496578216552,0.000646423805363,0.0495554498672485,0.010618347454071,0.0601737973213195
0.7207142857142858,0,0.0002,1.0,34.02796125411987,0.5753342240215302,0.0237899048805236,0.0005091804156319,0.0515559278488159,0.0008589848999536,0.0392776208877563,0.0068084834575653,0.0460861043453216
0.7207142857142858,0,0.0005,1.0,18.23258781433105,0.1932580145651784,0.0153739601135253,0.0004475983206136,0.0433980457305908,0.0007701961946548,0.0441032400131225,0.0091213307380676,0.0532245707511901
0.7207142857142858,0,0.0001,1.0,51.20778250694275,1.0539013167206923,0.0311206212997436,0.0009057633174962,0.0590658573150634,0.0012548647240439,0.0362463058471679,0.0051220015764236,0.0413683074235916
0.862857142857143,0,0.1,1.0,0.0357196317054331,0.0005640151131426,8.817344829440116e-05,1.0407870192944692e-05,0.0280689519882202,0.0006596807110534,0.1155637573242187,0.0027601994156837,0.1183239567399025
0.862857142857143,0,0.001,1.0,10.522044658660889,0.1634187275282545,0.0098573382854461,0.000325257731474,0.0378301136016845,0.0007763807678985,0.0660092868804931,0.0105279197692871,0.0765372066497802
0.862857142857143,0,0.0002,1.0,29.651471614837646,0.397628598486286,0.0206399799346923,0.0004076233620982,0.0487019981384277,0.001262344114028,0.0575804515838623,0.0059325805902481,0.0635130321741104
0.862857142857143,0,0.0005,1.0,17.196256279945374,0.2258901940367373,0.0143509475708007,0.0003874979612698,0.0419754972457885,0.0008613061640675,0.0612458717346191,0.0086020283222198,0.0698479000568389
0.862857142857143,0,0.0001,1.0,40.4631552696228,0.9225432913372904,0.0255913948059082,0.0007115278795078,0.0536147527694702,0.0013923474642544,0.0560417770385742,0.0040478173017501,0.0600895943403244
1.005,0,0.1,1.0,0.0398021459113806,0.0006193889908882,9.537008143961428e-05,8.456540690077184e-06,0.0281225078582763,0.0004264802476841,0.1345105400085449,0.0031534234642982,0.1376639634728431
1.005,0,0.001,1.0,10.14512175321579,0.1352135285693638,0.009247782421112,0.0002035190982636,0.0371387256622314,0.0006143111432822,0.0842070095062255,0.0101524473667144,0.09435945687294
1.005,0,0.0002,1.0,25.20002400875092,0.3493573607780411,0.0178172051429748,0.0003435218529862,0.0459320529937744,0.0006940031996965,0.0764191703796386,0.0050427558422088,0.0814619262218475
1.005,0,0.0005,1.0,15.844911515712738,0.311049737151491,0.0129597548484802,0.0003623255179452,0.0407578308105468,0.0006742160104065,0.0797791854858398,0.0079261614322662,0.087705346918106
1.005,0,0.0001,1.0,32.02438831329346,0.6565785805039679,0.0208933261871337,0.0005542586006295,0.0487049482345581,0.0008584249818883,0.0755152755737304,0.0032037521600723,0.0787190277338028
1.1471428571428572,0,0.1,1.0,0.043180500390008,0.0005758720082308,9.468857608735562e-05,1.445628228926337e-05,0.0279692255020141,0.0006260683618316,0.1540098358154296,0.0035543941974639,0.1575642300128936
1.1471428571428572,0,0.001,1.0,9.628489553928375,0.1067183046976705,0.008723119020462,0.000183924763807,0.0369156267166137,0.0007144255122022,0.1024985370635986,0.0096375094413757,0.1121360465049743
1.1471428571428572,0,0.0002,1.0,21.52095782756805,0.3839830875394527,0.0155412546157836,0.0003785461555342,0.0436232912063598,0.0011314507288481,0.0964954807281494,0.0043064956903457,0.1008019764184951
1.1471428571428572,0,0.0005,1.0,14.483134329319,0.2650384513003296,0.0117685238361358,0.0002355788606241,0.0399088132858276,0.0008630727839551,0.0983232864379882,0.0072467813014984,0.1055700677394867
1.1471428571428572,0,0.0001,1.0,25.716091752052307,0.4517468022485653,0.0174457795143127,0.0004337022353488,0.0449321119308471,0.0008673404350435,0.0962523868560791,0.0025726149916648,0.0988250018477439
1.2892857142857144,0,0.1,1.0,0.0461159460246562,0.000612336060374,9.707618243992328e-05,1.2801601211678804e-05,0.0281040739059448,0.0005712833401857,0.1727713996887207,0.0038673851013183,0.176638784790039
1.2892857142857144,0,0.001,1.0,9.105819284915924,0.1696577263438674,0.0080734648704528,0.0001917185229372,0.0361183677673339,0.0006404633115028,0.1215962158203125,0.0091158351898193,0.1307120510101318
1.2892857142857144,0,0.0002,1.0,18.425094962120056,0.2893613972794562,0.0135779150009155,0.0003035523551449,0.0412749652862548,0.0008790170094,0.1161345382690429,0.0036872287988662,0.1198217670679092
1.2892857142857144,0,0.0005,1.0,13.1593616604805,0.2326203979619101,0.0105525594234466,0.0003619102923332,0.0383292495727539,0.0010988837438691,0.1182464416503906,0.0065844950675964,0.124830936717987
1.2892857142857144,0,0.0001,1.0,21.289530396461487,0.4474321004831814,0.014972497177124,0.0003511018833683,0.0427873668670654,0.0009155109222247,0.1159200874328613,0.0021299929976463,0.1180500804305076
1.4314285714285715,0,0.1,1.0,0.049524190602824,0.0010092274438573,9.484858252108096e-05,1.084676954633e-05,0.0279627416610717,0.0004061556336711,0.1918537544250488,0.0042501409292221,0.1961038953542709
1.4314285714285715,0,0.001,1.0,8.611103415489197,0.1346467802814197,0.0075281726360321,0.0002066592238855,0.0356673025131225,0.0007344171147163,0.1392224334716796,0.0086215462684631,0.1478439797401428
1.4314285714285715,0,0.0002,1.0,16.105700612068176,0.283582901682095,0.0120482357501983,0.0002342611166674,0.0396018514633178,0.0005909347874576,0.1364371452331542,0.0032231191158294,0.1396602643489837
1.4314285714285715,0,0.0005,1.0,11.96770691871643,0.2212500930418976,0.0096319863796234,0.0002322661612222,0.0377797155380249,0.0007111370820845,0.1384091522216796,0.0059889702558517,0.1443981224775314
1.4314285714285715,0,0.0001,1.0,18.014927983284,0.4343431374121766,0.0129595897197723,0.0004036588715109,0.0409760938644409,0.0010990027737034,0.1362383468627929,0.0018026155352592,0.1380409623980522
1.5735714285714286,0,0.1,1.0,0.0526047027669847,0.0010189445934271,9.70509633421898e-05,1.0832079555801145e-05,0.028322871017456,0.0004290639560266,0.2106009963989258,0.0045819718837738,0.2151829682826996
1.5735714285714286,0,0.001,1.0,8.129855394363403,0.169280526354802,0.0070631168365478,0.0001988445450251,0.0352091386795043,0.0009473992937148,0.1588901153564453,0.008141930770874,0.1670320461273193
1.5735714285714286,0,0.0002,1.0,14.058250188827516,0.2876085906323908,0.0106354112625122,0.00022487143886,0.0384893198013305,0.0005927684889012,0.1567315444946289,0.0028146215200424,0.1595461660146713
1.5735714285714286,0,0.0005,1.0,10.92253404855728,0.2213239833688279,0.0089603756427764,0.000256236869308,0.0370863309860229,0.0007931274725944,0.1577839958190918,0.0054674340724945,0.1632514298915863
1.5735714285714286,0,0.0001,1.0,15.63726258277893,0.2947499458118232,0.011411907339096,0.0003874158937218,0.0395357358932495,0.0008531007366924,0.1560167961120605,0.0015649363875389,0.1575817324995994
1.715714285714286,0,0.1,1.0,0.0559887760318815,0.0009568259547873,0.0001015170466154,6.276179404768595e-06,0.0279175357818603,0.0004988245672454,0.2300968353271484,0.0049397381305694,0.2350365734577179
1.715714285714286,0,0.001,1.0,7.680264323949814,0.1157481732281054,0.0066131115436553,0.0001936342143944,0.034659572982788,0.000669351107766,0.1792024017333984,0.0076891875267028,0.1868915892601013
1.715714285714286,0,0.0002,1.0,12.562790513038635,0.2188106203570958,0.00960615401268,0.0002459474035221,0.037312713432312,0.0006413902411285,0.1769245140075683,0.0025146266937255,0.1794391407012939
1.715714285714286,0,0.0005,1.0,10.071801781654358,0.1513295356702461,0.0081080818653106,0.0002512806387623,0.0358772426605224,0.0006740455263141,0.1771614700317383,0.0050402250289916,0.1822016950607299
1.715714285714286,0,0.0001,1.0,13.747276604175568,0.3127374747278608,0.0101210299968719,0.0002708896114718,0.038159764099121,0.0005895176050732,0.1762758392333984,0.0013758430838584,0.1776516823172569
1.857857142857143,0,0.1,1.0,0.0580684805754572,0.0013292663131413,9.662270434200763e-05,1.0001732838331558e-05,0.0281132848739624,0.0004375005556685,0.2494156036376953,0.0052303961038589,0.2546459997415543
1.857857142857143,0,0.001,1.0,7.238160252571106,0.1202514789946714,0.0062837170124053,0.0001770025412782,0.0343120519638061,0.0006857491013614,0.1984325088500976,0.0072482322692871,0.2056807411193847
1.857857142857143,0,0.0002,1.0,11.262199103832245,0.1956198394677051,0.0086855585098266,0.0001961010601299,0.0367948844909667,0.0004762778380406,0.1964975364685058,0.002255085670948,0.1987526221394538
1.857857142857143,0,0.0005,1.0,9.265585958957672,0.1753401368395633,0.0075497416019439,0.0001848970463208,0.0357474224090576,0.0007440315704399,0.1976313949584961,0.0046380870580673,0.2022694820165634
1.857857142857143,0,0.0001,1.0,12.073063552379608,0.1835377437503231,0.0091440294742584,0.000167580817785,0.0368167150497436,0.0007415428918651,0.1966299163818359,0.0012085202813148,0.1978384366631508
2.0,0,0.1,1.0,0.0612035207450389,0.0008728372576025,0.000104731618613,8.595103505643265e-06,0.0278653377532959,0.000431661416331,0.2687000274658203,0.0055156343698501,0.2742156618356705
2.0,0,0.001,1.0,6.824186265468597,0.1291229245514306,0.0059040043115615,0.0002114021113971,0.0336008087158203,0.0008977298707821,0.2183320755004882,0.0068338235378265,0.2251658990383148
2.0,0,0.0002,1.0,10.213604271411896,0.1969286405921264,0.0078192141532897,0.0002050843592083,0.0357587411880493,0.0006241857941816,0.2161952423095703,0.0020447417736053,0.2182399840831756
2.0,0,0.0005,1.0,8.559434235095978,0.1187121546939385,0.0069884919643402,0.0001918580573644,0.034946746635437,0.0007753311429878,0.2169209808349609,0.0042855761051177,0.2212065569400787
2.0,0,0.0001,1.0,10.871813416481018,0.2554709398980243,0.0083295737743377,0.0002415169686425,0.036234256362915,0.0007129471995752,0.2158409973144531,0.0010881908953189,0.2169291882097721
